#Function,C,C++,Java,TypeScript,JavaScript,Lua, Python,Ruby
Hello World, 0.000008, 0.00003, 0.00012, 0.002, 0.003437,0.000019,0.00002479,0.000010
Factorial of 20,0.000008, 0.000031,  0.0001395, 0.001325, 0.003993, 0.000022,0.003623,0.002444
Summation of 1000000   , 0.002087  , 0.002143 ,   0.002532   , 0.002719  , 0.004033 , 0.004372,0.05420  ,  0.034971
50th Recursive Fibonacci , 42.983709 , 39.7437  , 46.673188157 ,  77.731   ,  71.288  , 140737488.355328 ,  9382499.2236  ,  102354536.9856931
50th Iterative Fibonacci , 0.000010  , 0.000025 , 0.000150594  , 0.0001314 , 0.000089 , 0.000031,0.000078,  0.000034
Linear Search; Maximum in 1000000,0.009356, 0.009842, 0.028253198,0.033965, 0.035999, 0.083719,0.998265, 0.17374
Print Triangle of 100 elements,0.000454,0.001609,0.131233555,0.034649,0.026301,0.00268,0.0141267,0.002308