#Function,C,C++,Java,TS,JS,Python
Factorial of 20,0.000008, 0.000031,  0.0001395, 0.001325, 0.003993, 0.003623 
Summation of 1000000   , 0.002087  , 0.002143 ,   0.002532   , 0.002719  , 0.004033 , 0.05420  
50th Recursive Fibonacci , 42.983709 , 39.7437  , 46.673188157 ,  77.731   ,  71.288  ,   4691249.611844267   
50th Iterative Fibonacci , 0.000010  , 0.000025 , 0.000150594  , 0.0001314 , 0.000089 , 0.000078 
Linear Search; Maximum in 1000000,0.009356, 0.009842, 0.028253198,0.033965, 0.035999, 0.998265