#Function,C,C++,C#,Java,TypeScript,JavaScript,Lua, Python,Ruby
Hello World, 0.000008, 0.000009, 0.016, 0.000058, 0.00065, 0.0022, 0.00002,0.000012,0.000010
Factorial of 20,0.000006, 0.000004, 0.014,  0.0001395, 0.000035, 0.00034, 0.00002,0.00004,0.00003
Summation of 1000000   , 0.000793  , 0.000813 , 0.014,   0.00016   , 0.00208  , 0.0023 , 0.003722,0.029487  ,  0.023006
50th Recursive Fibonacci , 36.409710, 36.8794 , 104.007, 39.050964125 , 74.878   ,  74.390  , 1040.403432 ,  2335.3777 ,  761.963794
50th Iterative Fibonacci , 0.000006  , 0.000015 , 0.017, 0.0000175  , 0.000042 , 0.000041 , 0.00005, 0.000047,  0.000024
Linear Search; Maximum in 1000000,0.007715, 0.00832, 0.032, 0.0071779, 0.015793, 0.01553, 0.044224,0.45112, 0.134323
Print Triangle of 100 elements,0.000370,0.001031,0.033,0.024697 ,0.025935,0.009505,0.001086,0.003595,0.004576
